2002-07-01,2,1001731,SN0902,195.0,0.1706123,0.18753071,92.87738
2002-07-11,2,1001731,SN0902,195.0,0.18354204,0.20928884,90.07022
2002-07-21,2,1001731,SN0902,195.0,0.19783486,0.23942702,85.62948
2002-08-01,2,1001731,SN0902,195.0,0.2161328,0.27681568,81.43208
2002-08-11,2,1001731,SN0902,195.0,0.24061692,0.31564903,79.479744
2002-08-21,2,1001731,SN0902,195.0,0.26883435,0.3502142,79.665924
2002-09-01,2,1001731,SN0902,195.0,0.2885323,0.36803764,80.98129
2002-09-11,2,1001731,SN0902,195.0,0.29002154,0.36545363,81.843445
2002-09-21,2,1001731,SN0902,195.0,0.27628204,0.3472544,82.134285
2002-10-01,2,1001731,SN0902,195.0,0.25450975,0.32048082,82.193115
2002-10-11,2,1001731,SN0902,195.0,0.23229691,0.29294252,82.3161
2002-10-21,2,1001731,SN0902,195.0,0.21356821,0.2685046,82.75178
2002-11-01,2,1001731,SN0902,195.0,0.2006682,0.25019932,83.500595
2002-11-11,2,1001731,SN0902,195.0,0.19353999,0.23802175,84.55611
2002-11-21,2,1001731,SN0902,195.0,0.19002102,0.22963808,85.83274
2002-12-01,2,1001731,SN0902,195.0,0.18764462,0.22341865,86.91603
2002-12-11,2,1001731,SN0902,195.0,0.18506819,0.21802741,87.70305
2002-12-21,2,1001731,SN0902,195.0,0.18048872,0.21264455,87.756905
2003-01-01,2,1001731,SN0902,195.0,0.17482102,0.20694746,87.49688
2003-01-11,2,1001731,SN0902,195.0,0.17053692,0.20236327,87.38867
2003-01-21,2,1001731,SN0902,195.0,0.16798359,0.19873948,87.6353
2003-02-01,2,1001731,SN0902,195.0,0.16571076,0.19528592,87.94257
2003-02-11,2,1001731,SN0902,195.0,0.16229898,0.19150423,87.90694
2003-02-21,2,1001731,SN0902,195.0,0.15847333,0.18735865,87.83053
2003-03-01,2,1001731,SN0902,195.0,0.15484102,0.18298866,87.91887
2003-03-11,2,1001731,SN0902,195.0,0.1523441,0.17875144,88.45588
2003-03-21,2,1001731,SN0902,195.0,0.15137744,0.1752329,89.40853
2003-04-01,2,1001731,SN0902,195.0,0.15056102,0.17246382,90.15444
2003-04-11,2,1001731,SN0902,195.0,0.1491482,0.17016874,90.45253
2003-04-21,2,1001731,SN0902,195.0,0.1468523,0.16791102,90.33609
2003-05-01,2,1001731,SN0902,195.0,0.14331025,0.16559912,89.661896
2003-05-11,2,1001731,SN0902,195.0,0.1398164,0.16326843,89.00352
2003-05-21,2,1001731,SN0902,195.0,0.1364046,0.1612914,88.22158
2003-06-01,2,1001731,SN0902,195.0,0.13432461,0.16114102,87.29929
2003-06-11,2,1001731,SN0902,195.0,0.13408513,0.16463095,85.76821
2003-06-21,2,1001731,SN0902,195.0,0.13777693,0.17333128,84.07999
2003-07-01,2,1001731,SN0902,195.0,0.14677744,0.18753071,82.84295
2003-07-11,2,1001731,SN0902,195.0,0.16052051,0.20928884,81.191505
2003-07-21,2,1001731,SN0902,195.0,0.1826964,0.23942702,80.398994
2003-08-01,2,1001731,SN0902,195.0,0.21636565,0.27681568,81.50332
2003-08-11,2,1001731,SN0902,195.0,0.25610614,0.31564903,83.715836
2003-08-21,2,1001731,SN0902,195.0,0.29461384,0.3502142,86.107346
2003-09-01,2,1001731,SN0902,195.0,0.31880614,0.36803764,88.22319
2003-09-11,2,1001731,SN0902,195.0,0.32084307,0.36545363,89.26221
2003-09-21,2,1001731,SN0902,195.0,0.30713332,0.3472544,89.900406
2003-10-01,2,1001731,SN0902,195.0,0.2858964,0.32048082,90.664986
2003-10-11,2,1001731,SN0902,195.0,0.2653718,0.29294252,91.96054
2003-10-21,2,1001731,SN0902,195.0,0.24918564,0.2685046,93.93448
2003-11-01,2,1001731,SN0902,195.0,0.23816,0.25019932,95.98956
2003-11-11,2,1001731,SN0902,195.0,0.22949897,0.23802175,97.040924
2003-11-21,2,1001731,SN0902,195.0,0.22241691,0.22963808,97.41768
2003-12-01,2,1001731,SN0902,195.0,0.21684101,0.22341865,97.5943
2003-12-11,2,1001731,SN0902,195.0,0.21286051,0.21802741,98.07225
2003-12-21,2,1001731,SN0902,195.0,0.2110882,0.21264455,99.40743
2004-01-01,2,1001731,SN0902,195.0,0.21015744,0.20694746,101.249275
2004-01-11,2,1001731,SN0902,195.0,0.20759076,0.20236327,102.07142
2004-01-21,2,1001731,SN0902,195.0,0.2032082,0.19873948,101.79655
2004-02-01,2,1001731,SN0902,195.0,0.19754563,0.19528592,100.921265
2004-02-11,2,1001731,SN0902,195.0,0.19167486,0.19150423,100.07064
2004-02-21,2,1001731,SN0902,195.0,0.1857041,0.18735865,99.30293
2004-03-01,2,1001731,SN0902,195.0,0.17877486,0.18298866,98.19141
2004-03-11,2,1001731,SN0902,195.0,0.17247333,0.17875144,97.25549
2004-03-21,2,1001731,SN0902,195.0,0.16886666,0.1752329,97.17348
2004-04-01,2,1001731,SN0902,195.0,0.16720666,0.17246382,97.63685
2004-04-11,2,1001731,SN0902,195.0,0.16599846,0.17016874,98.105865
2004-04-21,2,1001731,SN0902,195.0,0.16450512,0.16791102,98.43702
2004-05-01,2,1001731,SN0902,195.0,0.16216205,0.16559912,98.40581
2004-05-11,2,1001731,SN0902,195.0,0.15882409,0.16326843,97.916084
2004-05-21,2,1001731,SN0902,195.0,0.15447846,0.1612914,96.77557
2004-06-01,2,1001731,SN0902,195.0,0.15001589,0.16114102,94.73095
2004-06-11,2,1001731,SN0902,195.0,0.14933845,0.16463095,92.87498
2004-06-21,2,1001731,SN0902,195.0,0.15427333,0.17333128,91.46651
2004-07-01,2,1001731,SN0902,195.0,0.16637333,0.18753071,91.09278
2004-07-11,2,1001731,SN0902,195.0,0.18772615,0.20928884,91.68392
2004-07-21,2,1001731,SN0902,195.0,0.2219241,0.23942702,93.95256
2004-08-01,2,1001731,SN0902,195.0,0.26683384,0.27681568,96.945724
2004-08-11,2,1001731,SN0902,195.0,0.313941,0.31564903,99.532875
2004-08-21,2,1001731,SN0902,195.0,0.35605898,0.3502142,101.46041
2004-09-01,2,1001731,SN0902,195.0,0.37428564,0.36803764,101.4946
2004-09-11,2,1001731,SN0902,195.0,0.36490357,0.36545363,99.867615
2004-09-21,2,1001731,SN0902,195.0,0.34001076,0.3472544,98.17657
2004-10-01,2,1001731,SN0902,195.0,0.30723178,0.32048082,96.42382
2004-10-11,2,1001731,SN0902,195.0,0.27321896,0.29294252,94.24873
2004-10-21,2,1001731,SN0902,195.0,0.24571127,0.2685046,92.84364
2004-11-01,2,1001731,SN0902,195.0,0.22792,0.25019932,92.57849
2004-11-11,2,1001731,SN0902,195.0,0.21764152,0.23802175,92.92407
2004-11-21,2,1001731,SN0902,195.0,0.21026666,0.22963808,93.072685
2004-12-01,2,1001731,SN0902,195.0,0.20481178,0.22341865,93.19473
2004-12-11,2,1001731,SN0902,195.0,0.19937795,0.21802741,93.041954
2004-12-21,2,1001731,SN0902,195.0,0.19231127,0.21264455,92.25825
2005-01-01,2,1001731,SN0902,195.0,0.18467024,0.20694746,91.330055
2005-01-11,2,1001731,SN0902,195.0,0.18006922,0.20236327,91.16589
2005-01-21,2,1001731,SN0902,195.0,0.17922923,0.19873948,92.15635
2005-02-01,2,1001731,SN0902,195.0,0.18028462,0.19528592,93.884155
2005-02-11,2,1001731,SN0902,195.0,0.18124461,0.19150423,95.751785
2005-02-21,2,1001731,SN0902,195.0,0.18030153,0.18735865,97.02682
2005-03-01,2,1001731,SN0902,195.0,0.17627744,0.18298866,97.11951
2005-03-11,2,1001731,SN0902,195.0,0.1709523,0.17875144,96.59056
2005-03-21,2,1001731,SN0902,195.0,0.16640256,0.1752329,96.07946
2005-04-01,2,1001731,SN0902,195.0,0.16255538,0.17246382,95.54604
2005-04-11,2,1001731,SN0902,195.0,0.15934359,0.17016874,95.08325
2005-04-21,2,1001731,SN0902,195.0,0.15691948,0.16791102,94.95595
2005-05-01,2,1001731,SN0902,195.0,0.15513949,0.16559912,95.14858
2005-05-11,2,1001731,SN0902,195.0,0.15475026,0.16326843,96.00589
2005-05-21,2,1001731,SN0902,195.0,0.15782718,0.1612914,98.36046
2005-06-01,2,1001731,SN0902,195.0,0.16510461,0.16114102,101.87723
2005-06-11,2,1001731,SN0902,195.0,0.17499025,0.16463095,104.82657
2005-06-21,2,1001731,SN0902,195.0,0.18633129,0.17333128,105.82095
2005-07-01,2,1001731,SN0902,195.0,0.20319128,0.18753071,106.59307
2005-07-11,2,1001731,SN0902,195.0,0.23052204,0.20928884,108.18901
2005-07-21,2,1001731,SN0902,195.0,0.2676959,0.23942702,109.76719
2005-08-01,2,1001731,SN0902,195.0,0.30651897,0.27681568,109.08869
2005-08-11,2,1001731,SN0902,195.0,0.3425364,0.31564903,107.35332
2005-08-21,2,1001731,SN0902,195.0,0.370641,0.3502142,105.10397
2005-09-01,2,1001731,SN0902,195.0,0.3825764,0.36803764,103.47786
2005-09-11,2,1001731,SN0902,195.0,0.3816841,0.36545363,103.90669
2005-09-21,2,1001731,SN0902,195.0,0.3667518,0.3472544,104.908035
2005-10-01,2,1001731,SN0902,195.0,0.33928716,0.32048082,105.0762
2005-10-11,2,1001731,SN0902,195.0,0.3088251,0.29294252,104.63127
2005-10-21,2,1001731,SN0902,195.0,0.27968565,0.2685046,103.51049
2005-11-01,2,1001731,SN0902,195.0,0.2555164,0.25019932,101.77119
2005-11-11,2,1001731,SN0902,195.0,0.23856103,0.23802175,100.18724
2005-11-21,2,1001731,SN0902,195.0,0.22857334,0.22963808,99.61924
2005-12-01,2,1001731,SN0902,195.0,0.22383024,0.22341865,100.150536
2005-12-11,2,1001731,SN0902,195.0,0.22176872,0.21802741,101.39587
2005-12-21,2,1001731,SN0902,195.0,0.21863845,0.21264455,102.28213
2006-01-01,2,1001731,SN0902,195.0,0.21436,0.20694746,102.88485
2006-01-11,2,1001731,SN0902,195.0,0.21080564,0.20236327,103.34532
2006-01-21,2,1001731,SN0902,195.0,0.20659077,0.19873948,103.156425
2006-02-01,2,1001731,SN0902,195.0,0.2014964,0.19528592,102.53194
2006-02-11,2,1001731,SN0902,195.0,0.19583128,0.19150423,101.7917
2006-02-21,2,1001731,SN0902,195.0,0.19006614,0.18735865,101.140686
2006-03-01,2,1001731,SN0902,195.0,0.18402974,0.18298866,100.44683
2006-03-11,2,1001731,SN0902,195.0,0.17761384,0.17875144,99.50269
2006-03-21,2,1001731,SN0902,195.0,0.17302102,0.1752329,99.01795
2006-04-01,2,1001731,SN0902,195.0,0.17002872,0.17246382,98.90539
2006-04-11,2,1001731,SN0902,195.0,0.16818616,0.17016874,99.09951
2006-04-21,2,1001731,SN0902,195.0,0.16708,0.16791102,99.61864
2006-05-01,2,1001731,SN0902,195.0,0.1660436,0.16559912,100.20616
2006-05-11,2,1001731,SN0902,195.0,0.16415691,0.16326843,100.41661
2006-05-21,2,1001731,SN0902,195.0,0.16180512,0.1612914,100.24314
2006-06-01,2,1001731,SN0902,195.0,0.16038667,0.16114102,99.64273
2006-06-11,2,1001731,SN0902,195.0,0.16198103,0.16463095,98.76536
2006-06-21,2,1001731,SN0902,195.0,0.16868153,0.17333128,97.918
2006-07-01,2,1001731,SN0902,195.0,0.18164256,0.18753071,97.52111
2006-07-11,2,1001731,SN0902,195.0,0.20174871,0.20928884,97.092
2006-07-21,2,1001731,SN0902,195.0,0.23444408,0.23942702,98.27834
2006-08-01,2,1001731,SN0902,195.0,0.27584153,0.27681568,99.70192
2006-08-11,2,1001731,SN0902,195.0,0.3137328,0.31564903,99.47594
2006-08-21,2,1001731,SN0902,195.0,0.34655488,0.3502142,99.085655
2006-09-01,2,1001731,SN0902,195.0,0.3666918,0.36803764,99.678055
2006-09-11,2,1001731,SN0902,195.0,0.36588308,0.36545363,100.10338
2006-09-21,2,1001731,SN0902,195.0,0.34249282,0.3472544,98.80138
2006-10-01,2,1001731,SN0902,195.0,0.30733588,0.32048082,96.45192
2006-10-11,2,1001731,SN0902,195.0,0.27251333,0.29294252,94.04297
2006-10-21,2,1001731,SN0902,195.0,0.24420308,0.2685046,92.370125
2006-11-01,2,1001731,SN0902,195.0,0.22529128,0.25019932,91.702835
2006-11-11,2,1001731,SN0902,195.0,0.21384972,0.23802175,91.607574
2006-11-21,2,1001731,SN0902,195.0,0.20738,0.22963808,92.0404
2006-12-01,2,1001731,SN0902,195.0,0.20449282,0.22341865,93.07808
2006-12-11,2,1001731,SN0902,195.0,0.20314358,0.21802741,94.44691
2006-12-21,2,1001731,SN0902,195.0,0.20077641,0.21264455,95.48129
2007-01-01,2,1001731,SN0902,195.0,0.19548154,0.20694746,95.537636
2007-01-11,2,1001731,SN0902,195.0,0.18986923,0.20236327,95.04919
2007-01-21,2,1001731,SN0902,195.0,0.18703692,0.19873948,95.29524
2007-02-01,2,1001731,SN0902,195.0,0.18386512,0.19528592,95.34388
2007-02-11,2,1001731,SN0902,195.0,0.17960563,0.19150423,95.07313
2007-02-21,2,1001731,SN0902,195.0,0.17587847,0.18735865,95.16336
2007-03-01,2,1001731,SN0902,195.0,0.1728559,0.18298866,95.65096
2007-03-11,2,1001731,SN0902,195.0,0.17034256,0.17875144,96.32402
2007-03-21,2,1001731,SN0902,195.0,0.16853897,0.1752329,97.027985
2007-04-01,2,1001731,SN0902,195.0,0.16745949,0.17246382,97.75049
2007-04-11,2,1001731,SN0902,195.0,0.1668118,0.17016874,98.47528
2007-04-21,2,1001731,SN0902,195.0,0.16598718,0.16791102,99.117134
2007-05-01,2,1001731,SN0902,195.0,0.1647246,0.16559912,99.594376
2007-05-11,2,1001731,SN0902,195.0,0.16332358,0.16326843,100.025856
2007-05-21,2,1001731,SN0902,195.0,0.16217539,0.1612914,100.41838
2007-06-01,2,1001731,SN0902,195.0,0.16065897,0.16114102,99.771706
2007-06-11,2,1001731,SN0902,195.0,0.1597482,0.16463095,97.72504
2007-06-21,2,1001731,SN0902,195.0,0.16022718,0.17333128,94.13244
2007-07-01,2,1001731,SN0902,195.0,0.16528,0.18753071,90.63249
2007-07-11,2,1001731,SN0902,195.0,0.17899436,0.20928884,88.31632
2007-07-21,2,1001731,SN0902,195.0,0.20700257,0.23942702,88.79701
2007-08-01,2,1001731,SN0902,195.0,0.2502282,0.27681568,91.864685
2007-08-11,2,1001731,SN0902,195.0,0.29946718,0.31564903,95.57448
2007-08-21,2,1001731,SN0902,195.0,0.34691536,0.3502142,99.175735
2007-09-01,2,1001731,SN0902,195.0,0.37569794,0.36803764,101.832436
2007-09-11,2,1001731,SN0902,195.0,0.3731969,0.36545363,101.86382
2007-09-21,2,1001731,SN0902,195.0,0.3505241,0.3472544,100.82307
2007-10-01,2,1001731,SN0902,195.0,0.3208287,0.32048082,100.0939
2007-10-11,2,1001731,SN0902,195.0,0.2918241,0.29294252,99.673874
2007-10-21,2,1001731,SN0902,195.0,0.2659241,0.2685046,99.18981
2007-11-01,2,1001731,SN0902,195.0,0.2472559,0.25019932,99.019516
2007-11-11,2,1001731,SN0902,195.0,0.23591179,0.23802175,99.267426
2007-11-21,2,1001731,SN0902,195.0,0.2294369,0.22963808,99.928055
2007-12-01,2,1001731,SN0902,195.0,0.22606666,0.22341865,100.96849
2007-12-11,2,1001731,SN0902,195.0,0.22350307,0.21802741,102.042946
2007-12-21,2,1001731,SN0902,195.0,0.21901588,0.21264455,102.425835
2008-01-01,2,1001731,SN0902,195.0,0.21194768,0.20694746,101.94601
2008-01-11,2,1001731,SN0902,195.0,0.20615795,0.20236327,101.50366
2008-01-21,2,1001731,SN0902,195.0,0.20304307,0.19873948,101.73014
2008-02-01,2,1001731,SN0902,195.0,0.2015559,0.19528592,102.55619
2008-02-11,2,1001731,SN0902,195.0,0.19923025,0.19150423,103.19913
2008-02-21,2,1001731,SN0902,195.0,0.1930359,0.18735865,102.39184
2008-03-01,2,1001731,SN0902,195.0,0.1858877,0.18298866,101.24427
2008-03-11,2,1001731,SN0902,195.0,0.17934358,0.17875144,100.258865
2008-03-21,2,1001731,SN0902,195.0,0.1735046,0.1752329,99.23266
2008-04-01,2,1001731,SN0902,195.0,0.16842307,0.17246382,98.18364
2008-04-11,2,1001731,SN0902,195.0,0.16442616,0.17016874,97.39174
2008-04-21,2,1001731,SN0902,195.0,0.16144718,0.16791102,97.033714
2008-05-01,2,1001731,SN0902,195.0,0.16048205,0.16559912,97.62659
2008-05-11,2,1001731,SN0902,195.0,0.16088206,0.16326843,98.88105
2008-05-21,2,1001731,SN0902,195.0,0.16018257,0.1612914,99.47521
2008-06-01,2,1001731,SN0902,195.0,0.15870102,0.16114102,98.844376
2008-06-11,2,1001731,SN0902,195.0,0.16118973,0.16463095,98.39668
2008-06-21,2,1001731,SN0902,195.0,0.17103025,0.17333128,98.96968
2008-07-01,2,1001731,SN0902,195.0,0.19038358,0.18753071,101.20106
2008-07-11,2,1001731,SN0902,195.0,0.22014716,0.20928884,104.18774
2008-07-21,2,1001731,SN0902,195.0,0.26339537,0.23942702,108.28131
2008-08-01,2,1001731,SN0902,195.0,0.31515795,0.27681568,111.73208
2008-08-11,2,1001731,SN0902,195.0,0.36351433,0.31564903,113.0905
2008-08-21,2,1001731,SN0902,195.0,0.3998046,0.3502142,112.39096
2008-09-01,2,1001731,SN0902,195.0,0.40920666,0.36803764,109.84815
2008-09-11,2,1001731,SN0902,195.0,0.3906405,0.36545363,106.06251
2008-09-21,2,1001731,SN0902,195.0,0.35326463,0.3472544,101.51293
2008-10-01,2,1001731,SN0902,195.0,0.3129046,0.32048082,97.95503
2008-10-11,2,1001731,SN0902,195.0,0.27997127,0.29294252,96.21766
2008-10-21,2,1001731,SN0902,195.0,0.256141,0.2685046,96.11824
2008-11-01,2,1001731,SN0902,195.0,0.24043947,0.25019932,96.748886
2008-11-11,2,1001731,SN0902,195.0,0.23096102,0.23802175,97.548546
2008-11-21,2,1001731,SN0902,195.0,0.22481999,0.22963808,98.27702
2008-12-01,2,1001731,SN0902,195.0,0.21931845,0.22341865,98.5004
2008-12-11,2,1001731,SN0902,195.0,0.21352562,0.21802741,98.320404
2008-12-21,2,1001731,SN0902,195.0,0.20821537,0.21264455,98.31362
2009-01-01,2,1001731,SN0902,195.0,0.20335281,0.20694746,98.60103
2009-01-11,2,1001731,SN0902,195.0,0.19906153,0.20236327,98.691666
2009-01-21,2,1001731,SN0902,195.0,0.1958923,0.19873948,98.855354
2009-02-01,2,1001731,SN0902,195.0,0.19292615,0.19528592,99.03795
2009-02-11,2,1001731,SN0902,195.0,0.18924974,0.19150423,99.066475
2009-02-21,2,1001731,SN0902,195.0,0.18598667,0.18735865,99.42198
2009-03-01,2,1001731,SN0902,195.0,0.18352923,0.18298866,100.23202
2009-03-11,2,1001731,SN0902,195.0,0.18181024,0.17875144,101.33718
2009-03-21,2,1001731,SN0902,195.0,0.18089025,0.1752329,102.51177
2009-04-01,2,1001731,SN0902,195.0,0.1798564,0.17246382,103.323044
2009-04-11,2,1001731,SN0902,195.0,0.1777164,0.17016874,103.42812
2009-04-21,2,1001731,SN0902,195.0,0.17444666,0.16791102,102.99922
2009-05-01,2,1001731,SN0902,195.0,0.17074718,0.16559912,102.38779
2009-05-11,2,1001731,SN0902,195.0,0.16773744,0.16326843,102.09548
2009-05-21,2,1001731,SN0902,195.0,0.16729538,0.1612914,102.84157
2009-06-01,2,1001731,SN0902,195.0,0.17236461,0.16114102,105.31569
2009-06-11,2,1001731,SN0902,195.0,0.18715538,0.16463095,110.494484
2009-06-21,2,1001731,SN0902,195.0,0.21364921,0.17333128,118.05296
2009-07-01,2,1001731,SN0902,195.0,0.2478595,0.18753071,125.398315
2009-07-11,2,1001731,SN0902,195.0,0.2811841,0.20928884,127.72787
2009-07-21,2,1001731,SN0902,195.0,0.31240767,0.23942702,125.21557
2009-08-01,2,1001731,SN0902,195.0,0.34357283,0.27681568,120.42654
2009-08-11,2,1001731,SN0902,195.0,0.3697641,0.31564903,114.79973
2009-08-21,2,1001731,SN0902,195.0,0.39084,0.3502142,110.151
2009-09-01,2,1001731,SN0902,195.0,0.40002564,0.36803764,107.65194
2009-09-11,2,1001731,SN0902,195.0,0.3907364,0.36545363,106.08559
2009-09-21,2,1001731,SN0902,195.0,0.36960408,0.3472544,105.62604
2009-10-01,2,1001731,SN0902,195.0,0.34246153,0.32048082,105.93302
2009-10-11,2,1001731,SN0902,195.0,0.3144036,0.29294252,106.25792
2009-10-21,2,1001731,SN0902,195.0,0.2889036,0.2685046,106.40462
2009-11-01,2,1001731,SN0902,195.0,0.26901487,0.25019932,106.26769
2009-11-11,2,1001731,SN0902,195.0,0.25607127,0.23802175,106.26672
2009-11-21,2,1001731,SN0902,195.0,0.24785744,0.22963808,106.515335
2009-12-01,2,1001731,SN0902,195.0,0.24289589,0.22341865,107.123604
2009-12-11,2,1001731,SN0902,195.0,0.23878308,0.21802741,107.74386
2009-12-21,2,1001731,SN0902,195.0,0.23254716,0.21264455,107.577774
2010-01-01,2,1001731,SN0902,195.0,0.22373895,0.20694746,106.534996
2010-01-11,2,1001731,SN0902,195.0,0.2165518,0.20236327,105.62227
2010-01-21,2,1001731,SN0902,195.0,0.21211897,0.19873948,105.3789
2010-02-01,2,1001731,SN0902,195.0,0.20822768,0.19528592,105.27619
2010-02-11,2,1001731,SN0902,195.0,0.20341486,0.19150423,104.93185
2010-02-21,2,1001731,SN0902,195.0,0.19745025,0.18735865,104.251625
2010-03-01,2,1001731,SN0902,195.0,0.19049436,0.18298866,103.22149
2010-03-11,2,1001731,SN0902,195.0,0.18298307,0.17875144,101.84989
2010-03-21,2,1001731,SN0902,195.0,0.17665179,0.1752329,100.629974
2010-04-01,2,1001731,SN0902,195.0,0.17377743,0.17246382,100.59049
2010-04-11,2,1001731,SN0902,195.0,0.17293538,0.17016874,101.25661
2010-04-21,2,1001731,SN0902,195.0,0.17172512,0.16791102,101.750305
2010-05-01,2,1001731,SN0902,195.0,0.17004615,0.16559912,102.06263
2010-05-11,2,1001731,SN0902,195.0,0.16590768,0.16326843,101.237526
2010-05-21,2,1001731,SN0902,195.0,0.16027077,0.1612914,99.516945
2010-06-01,2,1001731,SN0902,195.0,0.16041692,0.16114102,99.65705
2010-06-11,2,1001731,SN0902,195.0,0.16861948,0.16463095,101.858315
2010-06-21,2,1001731,SN0902,195.0,0.18297693,0.17333128,104.31898
2010-07-01,2,1001731,SN0902,195.0,0.2079718,0.18753071,108.60566
2010-07-11,2,1001731,SN0902,195.0,0.24936411,0.20928884,115.45584
2010-07-21,2,1001731,SN0902,195.0,0.3096513,0.23942702,124.26321
2010-08-01,2,1001731,SN0902,195.0,0.3792795,0.27681568,131.35216
2010-08-11,2,1001731,SN0902,195.0,0.44541487,0.31564903,135.48918
2010-08-21,2,1001731,SN0902,195.0,0.49635535,0.3502142,136.51573
2010-09-01,2,1001731,SN0902,195.0,0.514281,0.36803764,134.9833
2010-09-11,2,1001731,SN0902,195.0,0.50177276,0.36545363,132.81213
2010-09-21,2,1001731,SN0902,195.0,0.4681969,0.3472544,130.4446
2010-10-01,2,1001731,SN0902,195.0,0.4255846,0.32048082,128.36955
2010-10-11,2,1001731,SN0902,195.0,0.38341793,0.29294252,126.3821
2010-10-21,2,1001731,SN0902,195.0,0.34473845,0.2685046,123.93494
2010-11-01,2,1001731,SN0902,195.0,0.314141,0.25019932,121.29974
2010-11-11,2,1001731,SN0902,195.0,0.29338154,0.23802175,119.220695
2010-11-21,2,1001731,SN0902,195.0,0.27828255,0.22963808,117.39551
2010-12-01,2,1001731,SN0902,195.0,0.26698563,0.22341865,115.934166
2010-12-11,2,1001731,SN0902,195.0,0.25827488,0.21802741,115.016174
2010-12-21,2,1001731,SN0902,195.0,0.2504169,0.21264455,114.38155
2011-01-01,2,1001731,SN0902,195.0,0.24205641,0.20694746,113.663864
2011-01-11,2,1001731,SN0902,195.0,0.23612152,0.20236327,113.37685
2011-01-21,2,1001731,SN0902,195.0,0.23284306,0.19873948,113.710556
2011-02-01,2,1001731,SN0902,195.0,0.22863793,0.19528592,113.59719
2011-02-11,2,1001731,SN0902,195.0,0.22270563,0.19150423,112.9196
2011-02-21,2,1001731,SN0902,195.0,0.21647385,0.18735865,112.266335
2011-03-01,2,1001731,SN0902,195.0,0.21025795,0.18298866,111.704124
2011-03-11,2,1001731,SN0902,195.0,0.2042564,0.17875144,111.149635
2011-03-21,2,1001731,SN0902,195.0,0.19872409,0.1752329,110.429726
2011-04-01,2,1001731,SN0902,195.0,0.1943005,0.17246382,109.815834
2011-04-11,2,1001731,SN0902,195.0,0.1916082,0.17016874,109.73774
2011-04-21,2,1001731,SN0902,195.0,0.1893246,0.16791102,109.82675
2011-05-01,2,1001731,SN0902,195.0,0.18688308,0.16559912,109.87201
2011-05-11,2,1001731,SN0902,195.0,0.18465333,0.16326843,110.02722
2011-05-21,2,1001731,SN0902,195.0,0.18510461,0.1612914,111.27032
2011-06-01,2,1001731,SN0902,195.0,0.18983282,0.16114102,113.58893
2011-06-11,2,1001731,SN0902,195.0,0.19713026,0.16463095,115.14195
2011-06-21,2,1001731,SN0902,195.0,0.20791332,0.17333128,115.484634
2011-07-01,2,1001731,SN0902,195.0,0.22137077,0.18753071,114.246605
2011-07-11,2,1001731,SN0902,195.0,0.23506103,0.20928884,109.93956
2011-07-21,2,1001731,SN0902,195.0,0.25379434,0.23942702,104.964066
2011-08-01,2,1001731,SN0902,195.0,0.28368,0.27681568,102.10036
2011-08-11,2,1001731,SN0902,195.0,0.3252,0.31564903,102.61205
2011-08-21,2,1001731,SN0902,195.0,0.3692759,0.3502142,104.76286
2011-09-01,2,1001731,SN0902,195.0,0.40275744,0.36803764,108.30542
2011-09-11,2,1001731,SN0902,195.0,0.4187564,0.36545363,112.83002
2011-09-21,2,1001731,SN0902,195.0,0.41266412,0.3472544,116.46544
2011-10-01,2,1001731,SN0902,195.0,0.38500923,0.32048082,117.417465
2011-10-11,2,1001731,SN0902,195.0,0.34899384,0.29294252,116.34422
2011-10-21,2,1001731,SN0902,195.0,0.31340462,0.2685046,114.09713
2011-11-01,2,1001731,SN0902,195.0,0.2864954,0.25019932,112.09066
2011-11-11,2,1001731,SN0902,195.0,0.26928103,0.23802175,110.8531
2011-11-21,2,1001731,SN0902,195.0,0.2568523,0.22963808,109.73195
2011-12-01,2,1001731,SN0902,195.0,0.24609743,0.22341865,108.294525
2011-12-11,2,1001731,SN0902,195.0,0.23529692,0.21802741,106.44319
2011-12-21,2,1001731,SN0902,195.0,0.22581846,0.21264455,105.01586
2012-01-01,2,1001731,SN0902,195.0,0.21758205,0.20694746,104.13882
2012-01-11,2,1001731,SN0902,195.0,0.21134922,0.20236327,103.56071
2012-01-21,2,1001731,SN0902,195.0,0.20649846,0.19873948,103.119316
2012-02-01,2,1001731,SN0902,195.0,0.20288154,0.19528592,103.09663
2012-02-11,2,1001731,SN0902,195.0,0.19932616,0.19150423,103.23883
2012-02-21,2,1001731,SN0902,195.0,0.19597846,0.18735865,103.63155
2012-03-01,2,1001731,SN0902,195.0,0.1931128,0.18298866,104.34534
2012-03-11,2,1001731,SN0902,195.0,0.19158718,0.17875144,105.61121
2012-03-21,2,1001731,SN0902,195.0,0.19157076,0.1752329,107.25375
2012-04-01,2,1001731,SN0902,195.0,0.19049743,0.17246382,108.106316
2012-04-11,2,1001731,SN0902,195.0,0.18673949,0.17016874,107.52638
2012-04-21,2,1001731,SN0902,195.0,0.18038872,0.16791102,105.72605
2012-05-01,2,1001731,SN0902,195.0,0.17342307,0.16559912,103.62894
2012-05-11,2,1001731,SN0902,195.0,0.16746512,0.16326843,101.9678
2012-05-21,2,1001731,SN0902,195.0,0.16327846,0.1612914,100.94043
2012-06-01,2,1001731,SN0902,195.0,0.16272256,0.16114102,100.749054
2012-06-11,2,1001731,SN0902,195.0,0.16680153,0.16463095,101.011314
2012-06-21,2,1001731,SN0902,195.0,0.17732666,0.17333128,101.78899
2012-07-01,2,1001731,SN0902,195.0,0.19531538,0.18753071,103.27733
2012-07-11,2,1001731,SN0902,195.0,0.22040051,0.20928884,104.285446
2012-07-21,2,1001731,SN0902,195.0,0.25566307,0.23942702,105.609726
2012-08-01,2,1001731,SN0902,195.0,0.30019385,0.27681568,107.153305
2012-08-11,2,1001731,SN0902,195.0,0.3479205,0.31564903,108.825806
2012-08-21,2,1001731,SN0902,195.0,0.38974768,0.3502142,109.878075
2012-09-01,2,1001731,SN0902,195.0,0.40693125,0.36803764,109.303856
2012-09-11,2,1001731,SN0902,195.0,0.40153843,0.36545363,108.685646
2012-09-21,2,1001731,SN0902,195.0,0.38265282,0.3472544,108.91077
2012-10-01,2,1001731,SN0902,195.0,0.35603127,0.32048082,109.59575
2012-10-11,2,1001731,SN0902,195.0,0.32769588,0.29294252,110.13387
2012-10-21,2,1001731,SN0902,195.0,0.30119127,0.2685046,110.26255
2012-11-01,2,1001731,SN0902,195.0,0.2789487,0.25019932,109.57676
2012-11-11,2,1001731,SN0902,195.0,0.26262257,0.23802175,108.5413
2012-11-21,2,1001731,SN0902,195.0,0.2516641,0.22963808,107.876625
2012-12-01,2,1001731,SN0902,195.0,0.24388,0.22341865,107.48353
2012-12-11,2,1001731,SN0902,195.0,0.2364641,0.21802741,106.87866
2012-12-21,2,1001731,SN0902,195.0,0.22874409,0.21264455,106.129776
2013-01-01,2,1001731,SN0902,195.0,0.22091538,0.20694746,105.4361
2013-01-11,2,1001731,SN0902,195.0,0.21511537,0.20236327,105.05307
2013-01-21,2,1001731,SN0902,195.0,0.2103364,0.19873948,104.66226
2013-02-01,2,1001731,SN0902,195.0,0.20656206,0.19528592,104.59714
2013-02-11,2,1001731,SN0902,195.0,0.2036082,0.19150423,105.0119
2013-02-21,2,1001731,SN0902,195.0,0.20087898,0.18735865,105.69617
2013-03-01,2,1001731,SN0902,195.0,0.19770564,0.18298866,106.316605
2013-03-11,2,1001731,SN0902,195.0,0.19357127,0.17875144,106.478584
2013-03-21,2,1001731,SN0902,195.0,0.18895435,0.1752329,106.09211
2013-04-01,2,1001731,SN0902,195.0,0.18464923,0.17246382,105.47748
2013-04-11,2,1001731,SN0902,195.0,0.1811641,0.17016874,104.99406
2013-04-21,2,1001731,SN0902,195.0,0.17811026,0.16791102,104.68046
2013-05-01,2,1001731,SN0902,195.0,0.17543384,0.16559912,104.56158
2013-05-11,2,1001731,SN0902,195.0,0.17205128,0.16326843,104.1182
2013-05-21,2,1001731,SN0902,195.0,0.16681845,0.1612914,102.615845
2013-06-01,2,1001731,SN0902,195.0,0.16201948,0.16114102,100.41605
2013-06-11,2,1001731,SN0902,195.0,0.1608282,0.16463095,98.22825
2013-06-21,2,1001731,SN0902,195.0,0.16425794,0.17333128,95.93728
2013-07-01,2,1001731,SN0902,195.0,0.17388462,0.18753071,94.25502
2013-07-11,2,1001731,SN0902,195.0,0.19199179,0.20928884,93.32904
2013-07-21,2,1001731,SN0902,195.0,0.22051692,0.23942702,93.46636
2013-08-01,2,1001731,SN0902,195.0,0.25350153,0.27681568,92.866264
2013-08-11,2,1001731,SN0902,195.0,0.28346154,0.31564903,91.19717
2013-08-21,2,1001731,SN0902,195.0,0.30843383,0.3502142,89.56049
2013-09-01,2,1001731,SN0902,195.0,0.32547283,0.36803764,89.81795
2013-09-11,2,1001731,SN0902,195.0,0.33553076,0.36545363,92.79755
2013-09-21,2,1001731,SN0902,195.0,0.33615026,0.3472544,97.20477
2013-10-01,2,1001731,SN0902,195.0,0.32614407,0.32048082,101.52862
2013-10-11,2,1001731,SN0902,195.0,0.30740666,0.29294252,104.21766
2013-10-21,2,1001731,SN0902,195.0,0.28375283,0.2685046,104.787445
2013-11-01,2,1001731,SN0902,195.0,0.2623687,0.25019932,104.05377
2013-11-11,2,1001731,SN0902,195.0,0.2471164,0.23802175,103.15763
2013-11-21,2,1001731,SN0902,195.0,0.23616615,0.22963808,102.33447
2013-12-01,2,1001731,SN0902,195.0,0.2272841,0.22341865,101.41375
2013-12-11,2,1001731,SN0902,195.0,0.21997385,0.21802741,100.72621
2013-12-21,2,1001731,SN0902,195.0,0.21460307,0.21264455,100.74569
2014-01-01,2,1001731,SN0902,195.0,0.21048102,0.20694746,101.37521
2014-01-11,2,1001731,SN0902,195.0,0.20766564,0.20236327,102.10109
2014-01-21,2,1001731,SN0902,195.0,0.20395076,0.19873948,102.09508
2014-02-01,2,1001731,SN0902,195.0,0.19929896,0.19528592,101.63606
2014-02-11,2,1001731,SN0902,195.0,0.19406769,0.19150423,101.06144
2014-02-21,2,1001731,SN0902,195.0,0.18914768,0.18735865,100.75374
2014-03-01,2,1001731,SN0902,195.0,0.1851246,0.18298866,100.916756
2014-03-11,2,1001731,SN0902,195.0,0.18184616,0.17875144,101.35287
2014-03-21,2,1001731,SN0902,195.0,0.17830768,0.1752329,101.36516
2014-04-01,2,1001731,SN0902,195.0,0.17434205,0.17246382,100.844284
2014-04-11,2,1001731,SN0902,195.0,0.17075436,0.17016874,100.265976
2014-04-21,2,1001731,SN0902,195.0,0.16789025,0.16791102,99.99046
2014-05-01,2,1001731,SN0902,195.0,0.1660641,0.16559912,100.215675
2014-05-11,2,1001731,SN0902,195.0,0.16445436,0.16326843,100.55606
2014-05-21,2,1001731,SN0902,195.0,0.16163436,0.1612914,100.162315
2014-06-01,2,1001731,SN0902,195.0,0.1594318,0.16114102,99.19048
2014-06-11,2,1001731,SN0902,195.0,0.16107383,0.16463095,98.342674
2014-06-21,2,1001731,SN0902,195.0,0.1684605,0.17333128,97.81902
2014-07-01,2,1001731,SN0902,195.0,0.18187025,0.18753071,97.61696
2014-07-11,2,1001731,SN0902,195.0,0.20004718,0.20928884,96.43576
2014-07-21,2,1001731,SN0902,195.0,0.221741,0.23942702,93.889305
2014-08-01,2,1001731,SN0902,195.0,0.24866565,0.27681568,91.386566
2014-08-11,2,1001731,SN0902,195.0,0.28011844,0.31564903,90.28287
2014-08-21,2,1001731,SN0902,195.0,0.3078554,0.3502142,89.41597
2014-09-01,2,1001731,SN0902,195.0,0.3193841,0.36803764,88.36145
2014-09-11,2,1001731,SN0902,195.0,0.31620103,0.36545363,88.14486
2014-09-21,2,1001731,SN0902,195.0,0.30330667,0.3472544,88.937126
2014-10-01,2,1001731,SN0902,195.0,0.28263792,0.32048082,89.78546
2014-10-11,2,1001731,SN0902,195.0,0.2597928,0.29294252,90.33374
2014-10-21,2,1001731,SN0902,195.0,0.23927794,0.2685046,90.82379
2014-11-01,2,1001731,SN0902,195.0,0.22503588,0.25019932,91.61776
2014-11-11,2,1001731,SN0902,195.0,0.21718769,0.23802175,92.7665
2014-11-21,2,1001731,SN0902,195.0,0.21282819,0.22963808,93.9887
2014-12-01,2,1001731,SN0902,195.0,0.20877898,0.22341865,94.64569
2014-12-11,2,1001731,SN0902,195.0,0.20279436,0.21802741,94.316605
2014-12-21,2,1001731,SN0902,195.0,0.1959523,0.21264455,93.64454
2015-01-01,2,1001731,SN0902,195.0,0.18946819,0.20694746,93.19734
2015-01-11,2,1001731,SN0902,195.0,0.18489487,0.20236327,93.07807
2015-01-21,2,1001731,SN0902,195.0,0.1824723,0.19873948,93.46015
2015-02-01,2,1001731,SN0902,195.0,0.18083847,0.19528592,94.109955
2015-02-11,2,1001731,SN0902,195.0,0.17828667,0.19150423,94.52698
2015-02-21,2,1001731,SN0902,195.0,0.17465897,0.18735865,94.64959
2015-03-01,2,1001731,SN0902,195.0,0.17077744,0.18298866,94.75887
2015-03-11,2,1001731,SN0902,195.0,0.1671564,0.17875144,94.93116
2015-03-21,2,1001731,SN0902,195.0,0.16449744,0.1752329,95.23361
2015-04-01,2,1001731,SN0902,195.0,0.16234359,0.17246382,95.45085
2015-04-11,2,1001731,SN0902,195.0,0.16056204,0.17016874,95.63667
2015-04-21,2,1001731,SN0902,195.0,0.15900409,0.16791102,95.91258
2015-05-01,2,1001731,SN0902,195.0,0.15753846,0.16559912,96.261284
2015-05-11,2,1001731,SN0902,195.0,0.15638256,0.16326843,96.77127
2015-05-21,2,1001731,SN0902,195.0,0.15569897,0.1612914,97.35321
2015-06-01,2,1001731,SN0902,195.0,0.1546205,0.16114102,96.91177
2015-06-11,2,1001731,SN0902,195.0,0.15352923,0.16463095,94.82753
2015-06-21,2,1001731,SN0902,195.0,0.15532564,0.17333128,91.93769
2015-07-01,2,1001731,SN0902,195.0,0.16149896,0.18753071,89.04069
2015-07-11,2,1001731,SN0902,195.0,0.17165384,0.20928884,85.485306
2015-07-21,2,1001731,SN0902,195.0,0.18659589,0.23942702,81.74631
2015-08-01,2,1001731,SN0902,195.0,0.2076882,0.27681568,78.848175
2015-08-11,2,1001731,SN0902,195.0,0.23434767,0.31564903,77.76519
2015-08-21,2,1001731,SN0902,195.0,0.2673369,0.3502142,79.29176
2015-09-01,2,1001731,SN0902,195.0,0.2963646,0.36803764,82.85489
2015-09-11,2,1001731,SN0902,195.0,0.3094164,0.36545363,86.5118
2015-09-21,2,1001731,SN0902,195.0,0.30772614,0.3472544,90.04963
2015-10-01,2,1001731,SN0902,195.0,0.2982918,0.32048082,94.01075
2015-10-11,2,1001731,SN0902,195.0,0.2880118,0.29294252,98.562225
2015-10-21,2,1001731,SN0902,195.0,0.27568206,0.2685046,102.25349
2015-11-01,2,1001731,SN0902,195.0,0.2625964,0.25019932,104.12962
2015-11-11,2,1001731,SN0902,195.0,0.2498846,0.23802175,104.118744
2015-11-21,2,1001731,SN0902,195.0,0.23738872,0.22963808,102.77167
2015-12-01,2,1001731,SN0902,195.0,0.22670615,0.22341865,101.20237
2015-12-11,2,1001731,SN0902,195.0,0.21983588,0.21802741,100.674736
2015-12-21,2,1001731,SN0902,195.0,0.21612409,0.21264455,101.32481
2016-01-01,2,1001731,SN0902,195.0,0.21345077,0.20694746,102.53099
2016-01-11,2,1001731,SN0902,195.0,0.20920718,0.20236327,102.71193
2016-01-21,2,1001731,SN0902,195.0,0.20138,0.19873948,101.06156
2016-02-01,2,1001731,SN0902,195.0,0.19307025,0.19528592,99.096695
2016-02-11,2,1001731,SN0902,195.0,0.18717127,0.19150423,98.20585
2016-02-21,2,1001731,SN0902,195.0,0.18286358,0.18735865,98.10621
2016-03-01,2,1001731,SN0902,195.0,0.1799482,0.18298866,98.69501
2016-03-11,2,1001731,SN0902,195.0,0.17751846,0.17875144,99.461
2016-03-21,2,1001731,SN0902,195.0,0.1747277,0.1752329,99.77569
2016-04-01,2,1001731,SN0902,195.0,0.17185487,0.17246382,99.72628
2016-04-11,2,1001731,SN0902,195.0,0.16832307,0.17016874,99.1617
2016-04-21,2,1001731,SN0902,195.0,0.16495025,0.16791102,98.64128
2016-05-01,2,1001731,SN0902,195.0,0.16260615,0.16559912,98.61179
2016-05-11,2,1001731,SN0902,195.0,0.1616318,0.16326843,99.23259
2016-05-21,2,1001731,SN0902,195.0,0.16051179,0.1612914,99.63103
2016-06-01,2,1001731,SN0902,195.0,0.15887128,0.16114102,98.92502
2016-06-11,2,1001731,SN0902,195.0,0.15955487,0.16463095,97.63498
2016-06-21,2,1001731,SN0902,195.0,0.1665041,0.17333128,96.94302
2016-07-01,2,1001731,SN0902,195.0,0.18405384,0.18753071,98.536255
2016-07-11,2,1001731,SN0902,195.0,0.21432409,0.20928884,101.94194
2016-07-21,2,1001731,SN0902,195.0,0.25700256,0.23942702,106.07253
2016-08-01,2,1001731,SN0902,195.0,0.30088872,0.27681568,107.36593
2016-08-11,2,1001731,SN0902,195.0,0.33651587,0.31564903,105.7068
2016-08-21,2,1001731,SN0902,195.0,0.3609677,0.3502142,102.68693
2016-09-01,2,1001731,SN0902,195.0,0.36744562,0.36803764,99.858376
2016-09-11,2,1001731,SN0902,195.0,0.35689434,0.36545363,97.93978
2016-09-21,2,1001731,SN0902,195.0,0.33227745,0.3472544,96.22987
2016-10-01,2,1001731,SN0902,195.0,0.30190358,0.32048082,94.98564
2016-10-11,2,1001731,SN0902,195.0,0.27574256,0.29294252,94.98459
2016-10-21,2,1001731,SN0902,195.0,0.25719178,0.2685046,96.44815
2016-11-01,2,1001731,SN0902,195.0,0.2456677,0.25019932,98.49046
2016-11-11,2,1001731,SN0902,195.0,0.23761845,0.23802175,99.85998
2016-11-21,2,1001731,SN0902,195.0,0.23111333,0.22963808,100.52756
2016-12-01,2,1001731,SN0902,195.0,0.22626154,0.22341865,101.03976
2016-12-11,2,1001731,SN0902,195.0,0.22238308,0.21802741,101.625084
2016-12-21,2,1001731,SN0902,195.0,0.21829076,0.21264455,102.14976
2017-01-01,2,1001731,SN0902,195.0,0.2131205,0.20694746,102.40246
2017-01-11,2,1001731,SN0902,195.0,0.20873588,0.20236327,102.52518
2017-01-21,2,1001731,SN0902,195.0,0.20460871,0.19873948,102.35958
2017-02-01,2,1001731,SN0902,195.0,0.20072307,0.19528592,102.21665
2017-02-11,2,1001731,SN0902,195.0,0.1971241,0.19150423,102.32701
2017-02-21,2,1001731,SN0902,195.0,0.19337538,0.18735865,102.53488
2017-03-01,2,1001731,SN0902,195.0,0.18894154,0.18298866,102.555016
2017-03-11,2,1001731,SN0902,195.0,0.18363538,0.17875144,102.13505
2017-03-21,2,1001731,SN0902,195.0,0.17774512,0.1752329,101.11538
2017-04-01,2,1001731,SN0902,195.0,0.17402564,0.17246382,100.70206
2017-04-11,2,1001731,SN0902,195.0,0.17321333,0.17016874,101.38284
2017-04-21,2,1001731,SN0902,195.0,0.17325486,0.16791102,102.4523
2017-05-01,2,1001731,SN0902,195.0,0.17161794,0.16559912,102.79168
2017-05-11,2,1001731,SN0902,195.0,0.16913949,0.16326843,102.7529
2017-05-21,2,1001731,SN0902,195.0,0.16962616,0.1612914,103.94469
2017-06-01,2,1001731,SN0902,195.0,0.17368513,0.16114102,105.9411
2017-06-11,2,1001731,SN0902,195.0,0.18079282,0.16463095,107.53007
2017-06-21,2,1001731,SN0902,195.0,0.19245742,0.17333128,108.56402
2017-07-01,2,1001731,SN0902,195.0,0.20739025,0.18753071,108.360825
2017-07-11,2,1001731,SN0902,195.0,0.22139384,0.20928884,104.66855
2017-07-21,2,1001731,SN0902,195.0,0.23846616,0.23942702,99.668015
2017-08-01,2,1001731,SN0902,195.0,0.26450205,0.27681568,96.23224
2017-08-11,2,1001731,SN0902,195.0,0.29772666,0.31564903,95.09847
2017-08-21,2,1001731,SN0902,195.0,0.32919127,0.3502142,94.747086
2017-09-01,2,1001731,SN0902,195.0,0.34014305,0.36803764,93.327255
2017-09-11,2,1001731,SN0902,195.0,0.32923895,0.36545363,91.283104
2017-09-21,2,1001731,SN0902,195.0,0.3070328,0.3472544,89.8751
2017-10-01,2,1001731,SN0902,195.0,0.28163487,0.32048082,89.51472
2017-10-11,2,1001731,SN0902,195.0,0.25759384,0.29294252,89.692535
2017-10-21,2,1001731,SN0902,195.0,0.23751178,0.2685046,90.26928
2017-11-01,2,1001731,SN0902,195.0,0.22366923,0.25019932,91.16251
2017-11-11,2,1001731,SN0902,195.0,0.2152205,0.23802175,92.0835
2017-11-21,2,1001731,SN0902,195.0,0.20914152,0.22963808,92.67033
2017-12-01,2,1001731,SN0902,195.0,0.20280308,0.22341865,92.460075
2017-12-11,2,1001731,SN0902,195.0,0.19538462,0.21802741,91.55206
2017-12-21,2,1001731,SN0902,195.0,0.18928154,0.21264455,91.104706
2018-01-01,2,1001731,SN0902,195.0,0.18555538,0.20694746,91.67453
2018-01-11,2,1001731,SN0902,195.0,0.18407948,0.20236327,92.754974
2018-01-21,2,1001731,SN0902,195.0,0.18263897,0.19873948,93.52715
2018-02-01,2,1001731,SN0902,195.0,0.18095025,0.19528592,94.15552
2018-02-11,2,1001731,SN0902,195.0,0.1792277,0.19150423,94.916626
2018-02-21,2,1001731,SN0902,195.0,0.17746513,0.18735865,95.83183
2018-03-01,2,1001731,SN0902,195.0,0.17525999,0.18298866,96.682816
2018-03-11,2,1001731,SN0902,195.0,0.17258872,0.17875144,97.30593
2018-03-21,2,1001731,SN0902,195.0,0.16994615,0.1752329,97.652756
2018-04-01,2,1001731,SN0902,195.0,0.16753949,0.17246382,97.78646
2018-04-11,2,1001731,SN0902,195.0,0.16576922,0.17016874,98.001755
2018-04-21,2,1001731,SN0902,195.0,0.16469026,0.16791102,98.52198
2018-05-01,2,1001731,SN0902,195.0,0.1633641,0.16559912,98.96335
2018-05-11,2,1001731,SN0902,195.0,0.16111845,0.16326843,98.9919
2018-05-21,2,1001731,SN0902,195.0,0.15755025,0.1612914,98.229385
2018-06-01,2,1001731,SN0902,195.0,0.15509948,0.16114102,97.13863
2018-06-11,2,1001731,SN0902,195.0,0.15727693,0.16463095,96.57364
2018-06-21,2,1001731,SN0902,195.0,0.1661082,0.17333128,96.76575
2018-07-01,2,1001731,SN0902,195.0,0.18254615,0.18753071,97.901505
2018-07-11,2,1001731,SN0902,195.0,0.20221128,0.20928884,97.27039
2018-07-21,2,1001731,SN0902,195.0,0.22091179,0.23942702,93.60279
2018-08-01,2,1001731,SN0902,195.0,0.23666564,0.27681568,87.714775
2018-08-11,2,1001731,SN0902,195.0,0.25264102,0.31564903,82.768166
2018-08-21,2,1001731,SN0902,195.0,0.27387896,0.3502142,80.92641
2018-09-01,2,1001731,SN0902,195.0,0.29452562,0.36803764,82.41498
2018-09-11,2,1001731,SN0902,195.0,0.3018995,0.36545363,84.70248
2018-09-21,2,1001731,SN0902,195.0,0.29742613,0.3472544,87.45683
2018-10-01,2,1001731,SN0902,195.0,0.2814446,0.32048082,89.463356
2018-10-11,2,1001731,SN0902,195.0,0.2602723,0.29294252,90.473564
2018-10-21,2,1001731,SN0902,195.0,0.23987949,0.2685046,91.01266
2018-11-01,2,1001731,SN0902,195.0,0.22585334,0.25019932,91.89007
2018-11-11,2,1001731,SN0902,195.0,0.2184918,0.23802175,93.219284
2018-11-21,2,1001731,SN0902,195.0,0.21408717,0.22963808,94.43892
2018-12-01,2,1001731,SN0902,195.0,0.21048564,0.22341865,95.26989
2018-12-11,2,1001731,SN0902,195.0,0.20700204,0.21802741,95.88648
2018-12-21,2,1001731,SN0902,195.0,0.2031523,0.21264455,96.38589
2019-01-01,2,1001731,SN0902,195.0,0.19919538,0.20694746,96.98301
2019-01-11,2,1001731,SN0902,195.0,0.19544615,0.20236327,97.259056
2019-01-21,2,1001731,SN0902,195.0,0.19092923,0.19873948,96.86007
2019-02-01,2,1001731,SN0902,195.0,0.18592666,0.19528592,96.18433
2019-02-11,2,1001731,SN0902,195.0,0.18136974,0.19150423,95.80358
2019-02-21,2,1001731,SN0902,195.0,0.17774256,0.18735865,95.94872
2019-03-01,2,1001731,SN0902,195.0,0.17393282,0.18298866,96.113174
2019-03-11,2,1001731,SN0902,195.0,0.17056923,0.17875144,96.4231
2019-03-21,2,1001731,SN0902,195.0,0.16878308,0.1752329,97.136375
2019-04-01,2,1001731,SN0902,195.0,0.16774204,0.17246382,97.87751
2019-04-11,2,1001731,SN0902,195.0,0.16592461,0.17016874,98.07233
2019-04-21,2,1001731,SN0902,195.0,0.16343589,0.16791102,97.94634
2019-05-01,2,1001731,SN0902,195.0,0.1609159,0.16559912,97.82781
2019-05-11,2,1001731,SN0902,195.0,0.15856718,0.16326843,97.79562
2019-05-21,2,1001731,SN0902,195.0,0.15622872,0.1612914,97.60393
2019-06-01,2,1001731,SN0902,195.0,0.15387847,0.16114102,96.56033
2019-06-11,2,1001731,SN0902,195.0,0.1519205,0.16463095,94.077995
2019-06-21,2,1001731,SN0902,195.0,0.1505841,0.17333128,89.8146
2019-07-01,2,1001731,SN0902,195.0,0.15149385,0.18753071,84.828545
2019-07-11,2,1001731,SN0902,195.0,0.15839948,0.20928884,80.37349
2019-07-21,2,1001731,SN0902,195.0,0.1759282,0.23942702,78.06052
2019-08-01,2,1001731,SN0902,195.0,0.2054328,0.27681568,78.158066
2019-08-11,2,1001731,SN0902,195.0,0.24236974,0.31564903,79.95912
2019-08-21,2,1001731,SN0902,195.0,0.2793605,0.3502142,82.29606
2019-09-01,2,1001731,SN0902,195.0,0.29963383,0.36803764,83.636925
2019-09-11,2,1001731,SN0902,195.0,0.29723436,0.36545363,83.57957
2019-09-21,2,1001731,SN0902,195.0,0.28459486,0.3472544,84.226845
2019-10-01,2,1001731,SN0902,195.0,0.26887333,0.32048082,86.07013
2019-10-11,2,1001731,SN0902,195.0,0.25289232,0.29294252,88.321594
2019-10-21,2,1001731,SN0902,195.0,0.23658,0.2685046,89.97673
2019-11-01,2,1001731,SN0902,195.0,0.22391486,0.25019932,91.24433
2019-11-11,2,1001731,SN0902,195.0,0.21627487,0.23802175,92.44957
2019-11-21,2,1001731,SN0902,195.0,0.21124613,0.22963808,93.42295
2019-12-01,2,1001731,SN0902,195.0,0.20666309,0.22341865,93.871826
2019-12-11,2,1001731,SN0902,195.0,0.20118564,0.21802741,93.7164
2019-12-21,2,1001731,SN0902,195.0,0.19511333,0.21264455,93.32511
2020-01-01,2,1001731,SN0902,195.0,0.18777178,0.20694746,92.53712
2020-01-11,2,1001731,SN0902,195.0,0.18132,0.20236327,91.661514
2020-01-21,2,1001731,SN0902,195.0,0.17818667,0.19873948,91.737206
2020-02-01,2,1001731,SN0902,195.0,0.17632565,0.19528592,92.27013
2020-02-11,2,1001731,SN0902,195.0,0.17344052,0.19150423,92.52033
2020-02-21,2,1001731,SN0902,195.0,0.17078872,0.18735865,93.019035
2020-03-01,2,1001731,SN0902,195.0,0.1686441,0.18298866,93.84323
2020-03-11,2,1001731,SN0902,195.0,0.1668123,0.17875144,94.78074
2020-03-21,2,1001731,SN0902,195.0,0.16510871,0.1752329,95.50501
2020-04-01,2,1001731,SN0902,195.0,0.1634123,0.17246382,95.931244
2020-04-11,2,1001731,SN0902,195.0,0.16172409,0.17016874,96.16447
2020-04-21,2,1001731,SN0902,195.0,0.1602728,0.16791102,96.4948
2020-05-01,2,1001731,SN0902,195.0,0.15848154,0.16559912,96.69869
2020-05-11,2,1001731,SN0902,195.0,0.15590358,0.16326843,96.54668
2020-05-21,2,1001731,SN0902,195.0,0.15193897,0.1612914,95.573685
2020-06-01,2,1001731,SN0902,195.0,0.14666204,0.16114102,93.14252
2020-06-11,2,1001731,SN0902,195.0,0.14379846,0.16463095,90.29381
2020-06-21,2,1001731,SN0902,195.0,0.14853539,0.17333128,88.897255
2020-07-01,2,1001731,SN0902,195.0,0.16457692,0.18753071,90.336494
2020-07-11,2,1001731,SN0902,195.0,0.19353743,0.20928884,93.925156
2020-07-21,2,1001731,SN0902,195.0,0.23607692,0.23942702,98.84251
2020-08-01,2,1001731,SN0902,195.0,0.28357846,0.27681568,102.0693
2020-08-11,2,1001731,SN0902,195.0,0.32553896,0.31564903,102.70475
2020-08-21,2,1001731,SN0902,195.0,0.35887897,0.3502142,102.16503
2020-09-01,2,1001731,SN0902,195.0,0.3746292,0.36803764,101.57678
2020-09-11,2,1001731,SN0902,195.0,0.36912563,0.36545363,100.88385
2020-09-21,2,1001731,SN0902,195.0,0.34929076,0.3472544,100.51261
2020-10-01,2,1001731,SN0902,195.0,0.32123896,0.32048082,100.204636
2020-10-11,2,1001731,SN0902,195.0,0.29195333,0.29294252,99.71156
2020-10-21,2,1001731,SN0902,195.0,0.26597488,0.2685046,99.20576
2020-11-01,2,1001731,SN0902,195.0,0.2485164,0.25019932,99.4394
2020-11-11,2,1001731,SN0902,195.0,0.23741487,0.23802175,99.78929
2020-11-21,2,1001731,SN0902,195.0,0.22978461,0.22963808,100.05241
2020-12-01,2,1001731,SN0902,195.0,0.2252682,0.22341865,100.67645
2020-12-11,2,1001731,SN0902,195.0,0.22230974,0.21802741,101.59772
2020-12-21,2,1001731,SN0902,195.0,0.21908,0.21264455,102.45025
2021-01-01,2,1001731,SN0902,195.0,0.21455026,0.20694746,102.95889
2021-01-11,2,1001731,SN0902,195.0,0.2094559,0.20236327,102.81048
2021-01-21,2,1001731,SN0902,195.0,0.20467332,0.19873948,102.38557
2021-02-01,2,1001731,SN0902,195.0,0.1995323,0.19528592,101.73119
2021-02-11,2,1001731,SN0902,195.0,0.19366921,0.19150423,100.89647
2021-02-21,2,1001731,SN0902,195.0,0.18781692,0.18735865,100.19307
2021-03-01,2,1001731,SN0902,195.0,0.18380615,0.18298866,100.35087
2021-03-11,2,1001731,SN0902,195.0,0.18061435,0.17875144,100.81438
2021-03-21,2,1001731,SN0902,195.0,0.17817076,0.1752329,101.30435
2021-04-01,2,1001731,SN0902,195.0,0.17622153,0.17246382,101.68913
2021-04-11,2,1001731,SN0902,195.0,0.17420512,0.17016874,101.833305
2021-04-21,2,1001731,SN0902,195.0,0.17153385,0.16791102,101.66251
2021-05-01,2,1001731,SN0902,195.0,0.16817024,0.16559912,101.19256
2021-05-11,2,1001731,SN0902,195.0,0.16536154,0.16326843,100.98144
2021-05-21,2,1001731,SN0902,195.0,0.16293949,0.1612914,100.780014
2021-06-01,2,1001731,SN0902,195.0,0.16163589,0.16114102,100.234375
2021-06-11,2,1001731,SN0902,195.0,0.1653164,0.16463095,100.31936
2021-06-21,2,1001731,SN0902,195.0,0.17284307,0.17333128,99.78139
2021-07-01,2,1001731,SN0902,195.0,0.18534051,0.18753071,99.077934
2021-07-11,2,1001731,SN0902,195.0,0.20574921,0.20928884,98.63487
2021-07-21,2,1001731,SN0902,195.0,0.2396677,0.23942702,100.08316
2021-08-01,2,1001731,SN0902,195.0,0.2847164,0.27681568,102.41748
2021-08-11,2,1001731,SN0902,195.0,0.3291169,0.31564903,103.68328
2021-08-21,2,1001731,SN0902,195.0,0.3653482,0.3502142,103.78147
2021-09-01,2,1001731,SN0902,195.0,0.37714818,0.36803764,102.17936
2021-09-11,2,1001731,SN0902,195.0,0.3647287,0.36545363,99.825516
2021-09-21,2,1001731,SN0902,195.0,0.34168306,0.3472544,98.59754
2021-10-01,2,1001731,SN0902,195.0,0.31413177,0.32048082,98.28627
2021-10-11,2,1001731,SN0902,195.0,0.28602305,0.29294252,97.98233
2021-10-21,2,1001731,SN0902,195.0,0.26122665,0.2685046,97.714966
2021-11-01,2,1001731,SN0902,195.0,0.24417436,0.25019932,97.99302
2021-11-11,2,1001731,SN0902,195.0,0.23474614,0.23802175,98.86272
2021-11-21,2,1001731,SN0902,195.0,0.2284282,0.22963808,99.56734
2021-12-01,2,1001731,SN0902,195.0,0.22388871,0.22341865,100.17192
2021-12-11,2,1001731,SN0902,195.0,0.22059025,0.21802741,100.95619
2021-12-21,2,1001731,SN0902,195.0,0.21759641,0.21264455,101.885376
2022-01-01,2,1001731,SN0902,195.0,0.21052358,0.20694746,101.39177
2022-01-11,2,1001731,SN0902,195.0,0.20231691,0.20236327,99.98163
2022-01-21,2,1001731,SN0902,195.0,0.19539332,0.19873948,98.654755
2022-02-01,2,1001731,SN0902,195.0,0.18908359,0.19528592,97.47138
2022-02-11,2,1001731,SN0902,195.0,0.18432564,0.19150423,97.02754
2022-02-21,2,1001731,SN0902,195.0,0.18240614,0.18735865,97.9135
2022-03-01,2,1001731,SN0902,195.0,0.18133128,0.18298866,99.28865
2022-03-11,2,1001731,SN0902,195.0,0.17892769,0.17875144,100.07704
2022-03-21,2,1001731,SN0902,195.0,0.17547281,0.1752329,100.106514
2022-04-01,2,1001731,SN0902,195.0,0.17175896,0.17246382,99.683174
2022-04-11,2,1001731,SN0902,195.0,0.16925538,0.17016874,99.585144
2022-04-21,2,1001731,SN0902,195.0,0.16821435,0.16791102,100.13919
2022-05-01,2,1001731,SN0902,195.0,0.16867384,0.16559912,101.426125
2022-05-11,2,1001731,SN0902,195.0,0.17105538,0.16326843,103.65124
2022-05-21,2,1001731,SN0902,195.0,0.17682306,0.1612914,107.35083
2022-06-01,2,1001731,SN0902,195.0,0.18538153,0.16114102,111.48073
2022-06-11,2,1001731,SN0902,195.0,0.19376102,0.16463095,113.57217
2022-06-21,2,1001731,SN0902,195.0,0.2002959,0.17333128,112.073814
2022-07-01,2,1001731,SN0902,195.0,0.20589897,0.18753071,107.733
2022-07-11,2,1001731,SN0902,195.0,0.21917231,0.20928884,103.81177
2022-07-21,2,1001731,SN0902,195.0,0.24992973,0.23942702,103.62879
2022-08-01,2,1001731,SN0902,195.0,0.29826358,0.27681568,106.56268
2022-08-11,2,1001731,SN0902,195.0,0.35488462,0.31564903,110.730385
2022-08-21,2,1001731,SN0902,195.0,0.41032615,0.3502142,115.01994
2022-09-01,2,1001731,SN0902,195.0,0.44603485,0.36803764,118.65794
2022-09-11,2,1001731,SN0902,195.0,0.44756255,0.36545363,119.76369
2022-09-21,2,1001731,SN0902,195.0,0.42641228,0.3472544,119.92625
2022-10-01,2,1001731,SN0902,195.0,0.3937595,0.32048082,119.779335
2022-10-11,2,1001731,SN0902,195.0,0.35899076,0.29294252,119.25928
2022-10-21,2,1001731,SN0902,195.0,0.32646513,0.2685046,118.197716
2022-11-01,2,1001731,SN0902,195.0,0.3003518,0.25019932,116.7064
2022-11-11,2,1001731,SN0902,195.0,0.28101897,0.23802175,114.92846
2022-11-21,2,1001731,SN0902,195.0,0.26570767,0.22963808,112.898674
2022-12-01,2,1001731,SN0902,195.0,0.25431025,0.22341865,111.29828
2022-12-11,2,1001731,SN0902,195.0,0.24637026,0.21802741,110.5746
2022-12-21,2,1001731,SN0902,195.0,0.2412005,0.21264455,110.872475
2023-01-01,2,1001731,SN0902,195.0,0.23693486,0.20694746,111.67064
2023-01-11,2,1001731,SN0902,195.0,0.23165745,0.20236327,111.60793
2023-01-21,2,1001731,SN0902,195.0,0.22543126,0.19873948,110.73081
2023-02-01,2,1001731,SN0902,195.0,0.21813537,0.19528592,109.31543
2023-02-11,2,1001731,SN0902,195.0,0.21108153,0.19150423,108.1064
2023-02-21,2,1001731,SN0902,195.0,0.20579384,0.18735865,107.766815
2023-03-01,2,1001731,SN0902,195.0,0.20209333,0.18298866,108.19982
2023-03-11,2,1001731,SN0902,195.0,0.19890153,0.17875144,108.80873
2023-03-21,2,1001731,SN0902,195.0,0.1958128,0.1752329,109.13717
2023-04-01,2,1001731,SN0902,195.0,0.1933959,0.17246382,109.4092
2023-04-11,2,1001731,SN0902,195.0,0.19186409,0.17016874,109.85397
2023-04-21,2,1001731,SN0902,195.0,0.19059333,0.16791102,110.40897
2023-05-01,2,1001731,SN0902,195.0,0.18923077,0.16559912,110.960915
2023-05-11,2,1001731,SN0902,195.0,0.18782923,0.16326843,111.51638
2023-05-21,2,1001731,SN0902,195.0,0.18525845,0.1612914,111.343124
2023-06-01,2,1001731,SN0902,195.0,0.18306512,0.16114102,110.383644
2023-06-11,2,1001731,SN0902,195.0,0.18641487,0.16463095,110.149475
2023-06-21,2,1001731,SN0902,195.0,0.1999046,0.17333128,111.89861
2023-07-01,2,1001731,SN0902,195.0,0.22485231,0.18753071,115.71233
2023-07-11,2,1001731,SN0902,195.0,0.25723946,0.20928884,118.49314
2023-07-21,2,1001731,SN0902,195.0,0.29207385,0.23942702,118.19002
2023-08-01,2,1001731,SN0902,195.0,0.3241164,0.27681568,114.4732
2023-08-11,2,1001731,SN0902,195.0,0.35459897,0.31564903,110.65227
2023-08-21,2,1001731,SN0902,195.0,0.37910613,0.3502142,107.219124
2023-09-01,2,1001731,SN0902,195.0,0.3910451,0.36803764,105.50368
2023-09-11,2,1001731,SN0902,195.0,0.38949588,0.36545363,105.78699
2023-09-21,2,1001731,SN0902,195.0,0.3717405,0.3472544,106.16383
2023-10-01,2,1001731,SN0902,195.0,0.34005386,0.32048082,105.28314
2023-10-11,2,1001731,SN0902,195.0,0.30374357,0.29294252,103.14952
2023-10-21,2,1001731,SN0902,195.0,0.26996872,0.2685046,100.459694
2023-11-01,2,1001731,SN0902,195.0,0.2448164,0.25019932,98.20689
2023-11-11,2,1001731,SN0902,195.0,0.22912511,0.23802175,96.911125
2023-11-21,2,1001731,SN0902,195.0,0.21975847,0.22963808,96.467
2023-12-01,2,1001731,SN0902,195.0,0.21387435,0.22341865,96.50928
2023-12-11,2,1001731,SN0902,195.0,0.20919077,0.21802741,96.70308
2023-12-21,2,1001731,SN0902,195.0,0.20558718,0.21264455,97.31296
2024-01-01,2,1001731,SN0902,195.0,0.20174,0.20694746,97.973335
2024-01-11,2,1001731,SN0902,195.0,0.19663334,0.20236327,97.72949
2024-01-21,2,1001731,SN0902,195.0,0.19165486,0.19873948,97.151794
2024-02-01,2,1001731,SN0902,195.0,0.18841948,0.19528592,97.20063
2024-02-11,2,1001731,SN0902,195.0,0.18675692,0.19150423,98.03427
2024-02-21,2,1001731,SN0902,195.0,0.18447693,0.18735865,98.78593
2024-03-01,2,1001731,SN0902,195.0,0.18158615,0.18298866,99.39803
2024-03-11,2,1001731,SN0902,195.0,0.17847332,0.17875144,99.878426
2024-03-21,2,1001731,SN0902,195.0,0.17511743,0.1752329,99.94873
2024-04-01,2,1001731,SN0902,195.0,0.17261282,0.17246382,100.06697
2024-04-11,2,1001731,SN0902,195.0,0.17187127,0.17016874,100.773285
2024-04-21,2,1001731,SN0902,195.0,0.17160103,0.16791102,101.693344
2024-05-01,2,1001731,SN0902,195.0,0.17121948,0.16559912,102.60686
2024-05-11,2,1001731,SN0902,195.0,0.17033026,0.16326843,103.31124
2024-05-21,2,1001731,SN0902,195.0,0.16864103,0.1612914,103.47842
2024-06-01,2,1001731,SN0902,195.0,0.1669682,0.16114102,102.759865
2024-06-11,2,1001731,SN0902,195.0,0.16872358,0.16463095,101.90682
2024-06-21,2,1001731,SN0902,195.0,0.17795281,0.17333128,102.06937
2024-07-01,2,1001731,SN0902,195.0,0.19651845,0.18753071,103.78382
2024-07-11,2,1001731,SN0902,195.0,0.22609128,0.20928884,106.4802
2024-07-21,2,1001731,SN0902,195.0,0.26795232,0.23942702,109.85578
2024-08-01,2,1001731,SN0902,195.0,0.31447795,0.27681568,111.52401
2024-08-11,2,1001731,SN0902,195.0,0.35363433,0.31564903,110.38846
2024-08-21,2,1001731,SN0902,195.0,0.38028923,0.3502142,107.51474
2024-09-01,2,1001731,SN0902,195.0,0.38780102,0.36803764,104.727646
2024-09-11,2,1001731,SN0902,195.0,0.38118103,0.36545363,103.785614
2024-09-21,2,1001731,SN0902,195.0,0.36455488,0.3472544,104.35501
2024-10-01,2,1001731,SN0902,195.0,0.3377087,0.32048082,104.65014
2024-10-11,2,1001731,SN0902,195.0,0.30370665,0.29294252,103.138756
2024-10-21,2,1001731,SN0902,195.0,0.26964256,0.2685046,100.357285
2024-11-01,2,1001731,SN0902,195.0,0.24647795,0.25019932,98.760376
2024-11-11,2,1001731,SN0902,195.0,0.2353364,0.23802175,99.06766
2024-11-21,2,1001731,SN0902,195.0,0.22996257,0.22963808,100.116035
2024-12-01,2,1001731,SN0902,195.0,0.22641282,0.22341865,101.09508
2024-12-11,2,1001731,SN0902,195.0,0.22316,0.21802741,101.914955
2024-12-21,2,1001731,SN0902,195.0,0.21797949,0.21264455,102.03124
2025-01-01,2,1001731,SN0902,195.0,0.21250768,0.20694746,102.163956
2025-01-11,2,1001731,SN0902,195.0,0.2076241,0.20236327,102.084625
2025-01-21,2,1001731,SN0902,195.0,0.20328616,0.19873948,101.82788
2025-02-01,2,1001731,SN0902,195.0,0.19864461,0.19528592,101.3693
2025-02-11,2,1001731,SN0902,195.0,0.19432615,0.19150423,101.16848
2025-02-21,2,1001731,SN0902,195.0,0.19126666,0.18735865,101.64646
2025-03-01,2,1001731,SN0902,195.0,0.18948205,0.18298866,102.786995
2025-03-11,2,1001731,SN0902,195.0,0.1882082,0.17875144,104.13408
2025-03-21,2,1001731,SN0902,195.0,0.18607025,0.1752329,104.81162
2025-04-01,2,1001731,SN0902,195.0,0.1829282,0.17246382,104.703865
2025-04-11,2,1001731,SN0902,195.0,0.17908,0.17016874,104.04746
2025-04-21,2,1001731,SN0902,195.0,0.1737877,0.16791102,102.696815
2025-05-01,2,1001731,SN0902,195.0,0.16837898,0.16559912,101.28937
2025-05-11,2,1001731,SN0902,195.0,0.16767384,0.16326843,102.06566
2025-05-21,2,1001731,SN0902,195.0,0.17384923,0.1612914,105.94336
2025-06-01,2,1001731,SN0902,195.0,0.1866359,0.16114102,112.07481
2025-06-11,2,1001731,SN0902,195.0,0.20280614,0.16463095,117.78643
2025-06-21,2,1001731,SN0902,195.0,0.21566975,0.17333128,118.95769
2025-07-01,2,1001731,SN0902,195.0,0.23069641,0.18753071,118.17268
2025-07-11,2,1001731,SN0902,195.0,0.25165284,0.20928884,116.338524
2025-07-21,2,1001731,SN0902,195.0,0.27431947,0.23942702,112.055695
2025-08-01,2,1001731,SN0902,195.0,0.30168667,0.27681568,107.61009
2025-08-11,2,1001731,SN0902,195.0,0.33482665,0.31564903,105.24481
2025-08-21,2,1001731,SN0902,195.0,0.3684887,0.3502142,104.56618
2025-09-01,2,1001731,SN0902,195.0,0.38349998,0.36803764,103.69879
2025-09-11,2,1001731,SN0902,195.0,0.36767486,0.36545363,100.53467
2025-09-21,2,1001731,SN0902,195.0,0.33761793,0.3472544,97.57423
2025-10-01,2,1001731,SN0902,195.0,0.30593333,0.32048082,96.07334
2025-10-11,2,1001731,SN0902,195.0,0.2792446,0.29294252,96.00577
2025-10-21,2,1001731,SN0902,195.0,0.25986257,0.2685046,97.28669
2025-11-01,2,1001731,SN0902,195.0,0.24872358,0.25019932,99.508415
2025-11-11,2,1001731,SN0902,195.0,0.24300717,0.23802175,101.73092
2025-11-21,2,1001731,SN0902,195.0,0.23815231,0.22963808,103.04474
2025-12-01,2,1001731,SN0902,195.0,0.23423383,0.22341865,103.95554
2025-12-11,2,1001731,SN0902,195.0,0.23177283,0.21802741,105.12836
2025-12-21,2,1001731,SN0902,195.0,0.22892717,0.21264455,106.19949
2026-01-01,2,1001731,SN0902,195.0,0.22456154,0.20694746,106.85513
2026-01-11,2,1001731,SN0902,195.0,0.21809947,0.20236327,106.23554
2026-01-21,2,1001731,SN0902,195.0,0.21022768,0.19873948,104.61856
2026-02-01,2,1001731,SN0902,195.0,0.20249692,0.19528592,102.939835
2026-02-11,2,1001731,SN0902,195.0,0.19557281,0.19150423,101.68468
2026-02-21,2,1001731,SN0902,195.0,0.1900759,0.18735865,101.14479
2026-03-01,2,1001731,SN0902,195.0,0.18569948,0.18298866,101.1635
2026-03-11,2,1001731,SN0902,195.0,0.18247332,0.17875144,101.62705
2026-03-21,2,1001731,SN0902,195.0,0.18011127,0.1752329,102.165924
2026-04-01,2,1001731,SN0902,195.0,0.17791128,0.17246382,102.44869
